micro,	TeslaCrypt 3.0 ransomware encrypted data
1cbu1,	Princess Locker ransomware affected file
1txt,	Enigma ransomware affected file
73i87A,	Xorist Ransomware affected file
AngleWare,	HiddenTear/MafiaWare (variant) ransomware affected file
BarRax,	BarRax (HiddenTear variant) ransomware affected file
CCCRRRPPP,	Unlock92 ransomware affected file
Dexter,	Troldesh (variant) ransomware affected file
EnCiPhErEd,	Xorist Ransomware affected file
LeChiffre,	LeChiffre ransomware affected file
MERRY,	Merry X-Mas ransomware affected file
MRCR1,	Merry X-Mas ransomware affected file
PEGS1,	Merry X-Mas ransomware affected file
PoAr2w,	Xorist Ransomware affected file
R16m01d05,	Ransomware affected data
RARE1,	Merry X-Mas ransomware affected file
RMCM1,	Merry X-Mas ransomware affected file
SecureCrypted,	Apocalypse ransomware affected file
VforVendetta,	Samsam (variant) ransomware affected file
Whereisyourfiles,	Samas/SamSam ransomware affected file
_AiraCropEncrypted,	AiraCrop Ransomware affecte file
a5zfn,	Alma Locker ransomware affected file
aaa,	TeslaCrypt ransomware encrypted file
abc,	TeslaCrypt ransomware encrypted file
adk,	Angry Duck ransomware affected file
aesir,	Locky ransomware affected file
alcatraz,	Alcatraz Locker ransomware affected file
angelamerkel,	Angela Merkel ransomware affected file
antihacker2017,	Xorist (variant) Ransomware affected file
atlas,	Atlas ransomware affected file
axx,	AxCrypt encrypted data
bin,	Alpha/Alfa ransomware affected file
bitstak,	Bitstak ransomware affected file
braincrypt,	Braincrypt ransomware affected file
breaking_bad,	Files1147@gmail(.)com ransomware affected file
bript,	BadEncriptor ransomware affected file
btc,	Jigsaw Ransomware affected file
ccc,	TeslaCrypt or Cryptowall encrypted data
cerber,	Cerber ransomware affected data
cerber2,	Cerber 2 ransomware affected file
cerber3,	Cerber 3 ransomware affected data
coded,	Anubis ransomware affected file
comrade,	Comrade ransomware affected file
conficker,	Conficker ransomware affected file
coverton,	Coverton ransomware affected file
covi-19,	Phishing / ransomware file
covid19,	Phishing / ransomware file
crab,	GandCrab ransomware affected data
crinf,	DecryptorMax or CryptInfinite ransomware affected file
crjoker,	CryptoJoker ransomware affected file
crptrgr,	CryptoRoger ransomware affected file
cry,	CryLocker ransomware affected file
cryeye,	DoubleLocker ransomware affected data
cryp1,	CryptXXX ransomware affected data
crypt,	Scatter ransomware affected data
crypte,	Jigsaw (variant) ransomware affected file
crypted,	Nemucod ransomware affected file
cryptolocker,	CryptoLocker encrypted file
cryptowall,	Encrypted file by Cryptowall ransomware
crypz,	CryptXXX ransomware affected data
czvxce,	Coverton ransomware affected file
d4nk,	PyL33T ransomware affected file
dCrypt,	DummyLocker ransomware affected file
dale,	Chip ransomware affected file
damage,	Damage ransomware affected file
darkness,	Rakhni ransomware affected file
deadbolt,	Deadbolt ransomware affected file
decrypt2017,	Globe 3 ransomware affected file
derp,	Derp ransomware renamed file
dharma,	CrySiS ransomware affected file
dll,	FSociety ransomware affected file
dxxd,	DXXD ransomware affected file
ecc,	Cryptolocker or TeslaCrypt virus encrypted file
edgel,	EdgeLocker ransomware affected file
enc,	TorrentLocker ransomware affected file
enciphered,	Malware (ransomware) encoded file
encr,	FileLocker ransomware affected file
encrypt,	Alpha ransomware affected file
encrypted,	Various ransomware affected file
enigma,	Coverton ransomware affected file
evillock,	Evil-JS (variant) ransomware affected file
exotic,	Exotic ransomware affected file
exx,	Alpha Crypt encrypted file
ezz,	Alpha Crypt virus encrypted data
fantom,	Fantom ransomware affected file
file0locked,	Evil ransomware affected file
fucked,	Manifestus ransomware affected file
fun,	Jigsaw Ransomware affected file
gefickt,	Jigsaw (variant) ransomware affected file
globe,	Globe ransomware affected file
good,	Scatter ransomware affected file
grt,	Karmen HiddenTear (variant) ransomware affected file
ha3,	El-Polocker affected file
helpmeencedfiles,	Samas/SamSam ransomware affected file
herbst,	Herbst ransomware affacted file
hnumkhotep,	Globe 3 ransomware affected file
hush,	Jigsaw ransomware affected file
ifuckedyou,	SerbRansom ransomware affected file
info,	PizzaCrypts Ransomware affected file
kernel_complete,	KeRanger OS X ransomware file
kernel_pid,	KeRanger OS X ransomware file
kernel_time,	KeRanger OS X ransomware
keybt@inbox_com,	KeyBTC ransomware affected data
keybtc,@inbox_com	KeyBTC ransomware affected file
kimcilware,	KimcilWare ransomware affected file
kkk,	Jigsaw Ransomware affected file
kostya,	Kostya ransomware affected file
krab,	GandCrab v4 ransomware affected data
kraken,	Rakhni ransomware affected file
kratos,	KratosCrypt ransomware affected file
kyra,	Globe ransomware affected file
lcked,	Jigsaw (variant) ransomware affected file
legion,	Legion ransomware affected file
lesli,	CryptoMix ransomware affected file
lo!,	GPCode ransomware affected data
lock93,	Lock93 ransomware affected file
locked,	Various ransomware affected data
locklock,	LockLock ransomware affected file
locky,	Locky ransomware affected data
lol,!	GPCode ransomware affected file
loli,	LOLI RanSomeWare ransomware affected file
lovewindows,	Globe (variant) ransomware affected file
madebyadam,	Roga ransomware affected file
magic,	Magic ransomware affected file
maya,	HiddenTear (variant) ransomware affected file
micro,	TeslaCrypt 3.0 ransomware encrypted data
mole,	CryptoMix (variant) ransomware affected data
mp3,	TeslaCrypt 3.0 ransomware encrypted data
noproblemwedecfilesâ€‹,	Samas/SamSam ransomware affected file
nuclear55,	Nuke ransomware affected file
odcodc,	ODCODC ransomware affected file
odin,	Locky ransomware affected file
onion,	Dharma ransomware affected data
oops,	Marlboro ransomware affected file
osiris,	Locky (variant) ransomware affected data
p5tkjw,	Xorist Ransomware affected file
padcrypt,	PadCrypt ransomware affected file
paym,	Jigsaw Ransomware affected file
paymrss,	Jigsaw Ransomware affected file
payms,	Jigsaw Ransomware affected file
paymst,	Jigsaw Ransomware affected file
paymts,	Jigsaw Ransomware affected file
payrms,	Jigsaw Ransomware affected file
pays,	Jigsaw Ransomware affected file
pdcr,	PadCrypt Ransomware script
pec,	PEC 2017 ransomware affected file
perl,	Bart ransomware affected file
potato,	Potato ransomware affected file
powerfulldecrypt,	Samas/SamSam ransomware affected file
pubg,	PUBG ransomware affected data
purge,	Globe ransomware affected file
pzdc,	Scatter ransomware affected file
r5a,	7ev3n ransomware affected file
raid10,	Globe [variant] ransomware affected file
razy,	Razy ransomware affected file
rdm,	Radamant ransomware affected file
realfs0ciet@sigaint.org.fs0ciety,	Fsociety ransomware affected file
realfs0ciety@sigaint.org.fs0ciety,	Fsociety ransomware affected file
reco,	STOP/DJVU ransomware file
rekt,	HiddenTear (variant) ransomware affected file
remk,	STOP Ransomware variant
rip,	KillLocker ransomware affected file
rmd,	Zeta ransomware affected file
rnsmwr,	Gremit ransomware affected file
rokku,	Rokku ransomware affected file
rrk,	Radamant v2 ransomware affected file
ruby,	Ruby ransomware affected file
sage,	Sage ransomware affected data
serp,	Serpent (variant) ransomware affected file
serpent,	Serpent ransomware affected file
sexy,	PayDay ransomware affected files
shit,	Locky ransomware affected file
spora,	Spora ransomware affected file
stn,	Satan ransomware affected file
surprise,	Surprise ransomware affected file
szf,	SZFLocker ransomware affected file
theworldisyours,	Samas/SamSam ransomware affected file
thor,	Locky ransomware affected file
ttt,	TeslaCrypt 3.0 ransomware encrypted file
unavailable,	Al-Namrood ransomware affected file
vbransom,	VBRansom 7 ransomware affected file
venusf,	Venus Locker ransomware affected file
vindows,	Vindows Locker ransomware affected file
vvv,	TeslaCrypt 3.0 ransomware encrypted file
vxlock,	vxLock ransomware affected file
wallet,	Globe 3 (variant) ransomware affected file
wcry,	WannaCry ransomware affected file
wflx,	WildFire ransomware affected file
windows10,	Shade ransomware affected file
wncry,	Wana Decrypt0r 2.0 ransomware affected data
xxx,	TeslaCrypt 3.0 ransomware encrypted file
xyz,	TeslaCrypt ransomware encrypted file
ytbl,	Troldesh (variant) ransomware affected file
zcrypt,	ZCRYPT ransomware affected file
zepto,	Locky ransomware affected data
zorro,	Zorro ransomware affected file
zyklon,	ZYKLON ransomware affected file
zzz,	TeslaCrypt ransomware encrypted file
zzzzz,	Locky ransomware affected file